<?xml version="1.0" encoding="utf-8"?>
<extension type="module" version="3.6.4" client="site" method="upgrade">
    <name>dspace-mod</name>
    <author>SEDICI - Paula Salamone Lacunza</author>
    <authorEmail>info@sedici.unlp.edu.ar</authorEmail>
    <authorUrl>www.sedici.unlp.edu.ar</authorUrl>
    <version>1.0.0</version>
    <description>MOD_DSPACE_XML_DESCRIPTION</description>
    <files>
        <filename>mod_dspace.xml</filename>
        <filename module="mod_dspace">mod_dspace.php</filename>
        <filename>helper.php</filename>
        <folder>tmpl</folder>
        <folder>configuration</folder>
        <folder>config-files</folder>
        <folder>model</folder>
        <folder>util</folder>
    </files>
    <languages>
		<language tag="en-GB">en-GB.mod_dspace.ini</language>
		<language tag="en-GB">en-GB.mod_dspace.sys.ini</language>
        <language tag="es-ES">es-ES.mod_dspace.ini</language>
		<language tag="es-ES">es-ES.mod_dspace.sys.ini</language>
	</languages>
    <media folder="media" destination="mod_dspace">
		<folder>css</folder>
		<folder>img</folder>
    </media>
    <config>
        <fields name="params">
			<fieldset name="basic">
				<field name="author" type="text" description="MOD_DSPACE_XML_DESCRIPTION_AUTHOR" label="MOD_DSPACE_XML_LABEL_AUTHOR" />
                                <field name="handle" type="text" description="MOD_DSPACE_XML_DESCRIPTION_HANDLE" label="MOD_DSPACE_XML_LABEL_HANDLE" />
                                <field name="keywords" type="text" description="MOD_DSPACE_XML_DESCRIPTION_KEY_WORDS" label="MOD_DSPACE_XML_LABEL_KEY_WORDS" />
                                <field name="config" type="list" default="sedici" label="MOD_DSPACE_XML_LABEL_CONFIG">
                                    <option value="sedici">Sedici</option>
                                    <option value="cic">Cic</option>
                                    <option value="conicet">Conicet</option>
                                </field>
                                <field name="cache" type="list" default="1" label="MOD_DSPACE_XML_LABEL_CACHE">
                                    <option value="0">3</option>
                                    <option value="1">7</option>
                                    <option value="2">14</option>
                                </field>
                                <field name="share" type="radio" default="0" label="MOD_DSPACE_XML_LABEL_SHARE" class="btn-group btn-group-yesno">
                                    <option value="1">JYes</option>
                                    <option value="0">JNo</option>
                                </field>
                                <field name="show_author" type="radio" default="0" label="MOD_DSPACE_XML_LABEL_SHOW_AUTHOR" class="btn-group btn-group-yesno">
                                    <option value="1">JYes</option>
                                    <option value="0">JNo</option>
                                </field>
                                <field name="show_date" type="radio" default="0" label="MOD_DSPACE_XML_LABEL_SHOW_DATE" class="btn-group btn-group-yesno">
                                    <option value="1">JYes</option>
                                    <option value="0">JNo</option>
                                </field>
                                <field name="show_subtype" type="radio" default="0" label="MOD_DSPACE_XML_LABEL_SHOW_SUBTYPE" class="btn-group btn-group-yesno">
                                    <option value="1">JYes</option>
                                    <option value="0">JNo</option>
                                </field>
                                <field name="description" type="radio" default="0" label="MOD_DSPACE_XML_LABEL_SHOW_DESCRIPTION" class="btn-group btn-group-yesno">
                                    <option value="1">JYes</option>
                                    <option value="0">JNo</option>
                                </field>
                                
                                <field name="limit" type="number" default="0" label="MOD_DSPACE_XML_LABEL_LIMIT" min="0" max="500" step="1" />
                                
                                <field name="max_results" type="number" label="MOD_DSPACE_XML_LABEL_MAX_RESULTS" min="1" max="100" step="1" />
                                
                                <field name="group_year" type="radio" default="0" label="MOD_DSPACE_XML_LABEL_GROUP_BY_YEAR" class="btn-group btn-group-yesno">
                                    <option value="1">JYes</option>
                                    <option value="0">JNo</option>
                                </field>
                                <field name="group_subtype" type="radio" default="0" label="MOD_DSPACE_XML_LABEL_GROUP_BY_SUBTYPE" class="btn-group btn-group-yesno">
                                    <option value="1">JYes</option>
                                    <option value="0">JNo</option>
                                </field>
                                
                                <field name="text1" type="note" label="MOD_DSPACE_XML_LABEL_SELECTED_SUBTYPES" />
                                <field name="text2" type="note" label="MOD_DSPACE_XML_LABEL_IS_CONICET" />
                                <field name="article" type="radio" default="0" label="MOD_DSPACE_XML_SUBTYPE_LABEL_ARTICLE" class="btn-group btn-group-yesno">
                                    <option value="1">JYes</option>
                                    <option value="0">JNo</option>
                                </field>
                                <field name="book" type="radio" default="0" label="MOD_DSPACE_XML_SUBTYPE_LABEL_BOOK" class="btn-group btn-group-yesno">
                                    <option value="1">JYes</option>
                                    <option value="0">JNo</option>
                                </field>
                                <field name="working_paper" type="radio" default="0" label="MOD_DSPACE_XML_SUBTYPE_LABEL_WORKING_PAPER" class="btn-group btn-group-yesno">
                                    <option value="1">JYes</option>
                                    <option value="0">JNo</option>
                                </field>
                                <field name="technical_report" type="radio" default="0" label="MOD_DSPACE_XML_SUBTYPE_LABEL_TECHNICAL_REPORT" class="btn-group btn-group-yesno">
                                    <option value="1">JYes</option>
                                    <option value="0">JNo</option>
                                </field>
                                <field name="conference_document" type="radio" default="0" label="MOD_DSPACE_XML_SUBTYPE_LABEL_CONFERENCE_DOCUMENT" class="btn-group btn-group-yesno">
                                    <option value="1">JYes</option>
                                    <option value="0">JNo</option>
                                </field>
                                <field name="conference_object" type="radio" default="0" label="MOD_DSPACE_XML_SUBTYPE_LABEL_CONFERENCE_OBJECT" class="btn-group btn-group-yesno">
                                    <option value="1">JYes</option>
                                    <option value="0">JNo</option>
                                </field>
                                <field name="revision" type="radio" default="0" label="MOD_DSPACE_XML_SUBTYPE_LABEL_REVISION" class="btn-group btn-group-yesno">
                                    <option value="1">JYes</option>
                                    <option value="0">JNo</option>
                                </field>
                                <field name="work_specialization" type="radio" default="0" label="MOD_DSPACE_XML_SUBTYPE_LABEL_WORK_SPECIALIZATION" class="btn-group btn-group-yesno">
                                    <option value="1">JYes</option>
                                    <option value="0">JNo</option>
                                </field>
                                <field name="preprint" type="radio" default="0" label="MOD_DSPACE_XML_SUBTYPE_LABEL_PREPRINT" class="btn-group btn-group-yesno">
                                    <option value="1">JYes</option>
                                    <option value="0">JNo</option>
                                </field>
                                <field name="master_thesis" type="radio" default="0" label="MOD_DSPACE_XML_SUBTYPE_LABEL_MASTER_THESIS" class="btn-group btn-group-yesno">
                                    <option value="1">JYes</option>
                                    <option value="0">JNo</option>
                                </field>
                                <field name="phD_thesis" type="radio" default="0" label="MOD_DSPACE_XML_SUBTYPE_LABEL_PHD_THESIS" class="btn-group btn-group-yesno">
                                    <option value="1">JYes</option>
                                    <option value="0">JNo</option>
                                </field>
                                <field name="licentiate_thesis" type="radio" default="0" label="MOD_DSPACE_XML_SUBTYPE_LABEL_LICENCIATE_THESIS" class="btn-group btn-group-yesno">
                                    <option value="1">JYes</option>
                                    <option value="0">JNo</option>
                                </field>
                        </fieldset>
        </fields>
    </config>
</extension>
